{
    "A_TF-IDF": {
        "mean_recall_at_5": 0.24102564102564103,
        "mean_mrr": 0.14410256410256408,
        "mean_ndcg_at_5": 0.1552614505633941,
        "mean_latency_ms": 4.35348923084138
    },
    "B_BM25": {
        "mean_recall_at_5": 0.3743589743589744,
        "mean_mrr": 0.26282051282051283,
        "mean_ndcg_at_5": 0.2698202110742843,
        "mean_latency_ms": 4.757796923261664
    },
    "C_Vector": {
        "mean_recall_at_5": 0.33076923076923076,
        "mean_mrr": 0.22999999999999998,
        "mean_ndcg_at_5": 0.23929895311602148,
        "mean_latency_ms": 11.673478461587084
    },
    "D_Hybrid": {
        "mean_recall_at_5": 0.382051282051282,
        "mean_mrr": 0.28846153846153844,
        "mean_ndcg_at_5": 0.27654063273789886,
        "mean_latency_ms": 18.292783076937596
    },
    "E_Hybrid_Rerank": {
        "mean_recall_at_5": 0.4358974358974359,
        "mean_mrr": 0.3153846153846154,
        "mean_ndcg_at_5": 0.312539604083273,
        "mean_latency_ms": 594.1553938461976
    }
}